ticker,date,period,period_label,fiscal_year,currency,is_sales_revenue_turnover,is_sales_and_services_revenues,is_cogs,is_cog_and_services_sold,is_gross_profit,is_operating_expn,is_sg_and_a_expense,is_operating_expenses_r_and_d,is_other_operating_expenses,is_oper_income,is_nonop_income_loss,is_net_interest_expense,is_int_expense,is_int_income,is_other_nonop_income_loss,is_pretax_income,is_inc_tax_exp,is_inc_bef_xo_item,is_xo_gl_net_of_tax,is_extraord_items_and_acctg_chng,is_ni_including_minority_int_ratio,is_min_noncontrol_interest_credits,is_net_income,is_earn_for_common,ebitda,ebitda_margin,ebita,ebit,gross_margin,oper_margin,profit_margin,is_depr_exp,is_avg_num_sh_for_eps,eps,eps_cont_ops,is_sh_for_diluted_eps,diluted_eps,dil_eps_cont_ops,div_per_shr,company,is_tot_cash_pfd_dvd,is_discontinued_operations
MGDDY,2025-12-31,annual,2025,2025,USD,27551520000.0,27551520000.0,20111380000.0,20111380000.0,7440140000.0,4658700000.0,3647460000.0,835280000.0,175960000.0,2781440000.0,387960000.0,265000000.0,375240000.0,110240000.0,122960000.0,2393480000.0,629640000.0,1763840000.0,-2120000.0,-2120000.0,1765960000.0,1060000.0,1764900000.0,1764900000.0,2781440000.0,10.095413973530317,623280000.0,2781440000.0,27.00446291166513,10.095413973530317,6.405817174515235,2158160000.0,,,,,,,,Michelin,,
MGDDY,2024-12-31,annual,2024,2024,USD,29368440000.000004,29368440000.000004,21000600000.0,21000600000.0,8367840000.000001,4925880000.0,3773520000.0000005,848880000.0,303480000.0,3441960000.0,801360000.0,166320000.0,318600000.0,152280000.0,635040000.0,2640600000.0,599400000.0,2041200000.0000002,12960000.0,12960000.0,2028240000.0000002,-6480000.0,2034720000.0000002,2034720000.0000002,3441960000.0,11.719927922627146,1190160000.0,3441960000.0,28.492626778950466,11.719927922627146,6.9282535946751,2251800000.0,1540528301.5200002,1.3207936511081255,1.3250000003154763,1540528301.5200002,1.3207936511081255,1.3250000003154763,0.67371693137734,Michelin,,
MGDDY,2023-12-31,annual,2023,2023,USD,30610440000.000004,30610440000.000004,22026600000.0,22026600000.0,8583840000.000001,4862160000.0,3829680000.0000005,816480000.0,216000000.0,3721680000.0000005,1032480000.0000001,277560000.0,417960000.0,140400000.0,754920000.0,2689200000.0,547560000.0,2141640000.0000002,,,2141640000.0000002,,2141640000.0000002,2141640000.0000002,3721680000.0000005,12.158204847757824,1553040000.0,3721680000.0000005,28.042197367956813,12.158204847757824,6.996436509896624,2168640000.0,1546310469.24,1.3850000000663514,1.3850000000663514,1546310469.24,1.3850000000663514,1.3850000000663514,0.623703983892714,Michelin,,
MGDDY,2022-12-31,annual,2022,2022,USD,30019500000.0,30019500000.0,22104600000.0,22104600000.0,7914900000.0,4628400000.0,3588900000.0,732900000.0,306600000.0,3286500000.0,497700000.0,352800000.0,365400000.0,12600000.0,144900000.0,2788800000.0,679350000.0,2109450000.0,16800000.0,16800000.0,2092650000.0,-8400000.0,2101050000.0,2101050000.0,3286500000.0,10.947883875480938,1245300000.0,3286500000.0,26.365862189576774,10.947883875480938,6.998950682056663,2041200000.0,1498140069.3,1.4024389595171214,1.4080459118790087,1506225000.0,1.3949111188567445,1.400487974904148,0.5627978433244619,Michelin,,
MGDDY,2021-12-31,annual,2021,2021,USD,28078100000.0,28078100000.0,19835800000.0,19835800000.0,8242300000.0,4727080000.0,3858600000.0,804760000.0,63720000.0,3515220000.0,599440000.0,299720000.0,302080000.0,2360000.0,299720000.0,2915780000.0,738680000.0,2177100000.0,2360000.0,2360000.0,2174740000.0,-1180000.0,2175920000.0,2175920000.0,3515220000.0,12.519436856482455,1377060000.0,3515220000.0,29.354906492960705,12.519436856482455,7.749527211599075,2138160000.0,1683890141.9199998,1.2921983126042766,1.292899070908292,1695235200.0,1.283550506737944,1.2842465753424657,0.2873109046462871,Michelin,,
MGDDY,2020-12-31,annual,2020,2020,USD,23334659999.999996,23334659999.999996,16819559999.999998,16819559999.999998,6515099999.999999,4523520000.0,3492959999.9999995,736439999.9999999,294120000.0,1991579999.9999998,875519999.9999999,326040000.0,326040000.0,,549480000.0,1116060000.0,403559999.99999994,712499999.9999999,-15959999.999999998,-15959999.999999998,728459999.9999999,7979999.999999999,720479999.9999999,720479999.9999999,1991579999.9999998,8.534857589525624,-106019999.99999999,1991579999.9999998,27.920269676095558,8.534857589525624,3.0875958766915823,2097599999.9999998,1626187199.9999998,0.44304862318434185,0.43814143906679376,1634030399.9999998,0.44092202935759334,0.4360383992855947,0.2502663899949526,Michelin,,
MGDDY,2019-12-31,annual,2019,2019,USD,27031200000.000004,27031200000.000004,19099360000.0,19099360000.0,7931840000.000001,4559520000.0,3771040000.0000005,769440000.0000001,19040000.0,3372320000.0000005,868000000.0000001,439040000.00000006,443520000.00000006,4480000.0,428960000.00000006,2504320000.0,566720000.0,1937600000.0000002,-47040000.00000001,-47040000.00000001,1984640000.0000002,23520000.000000004,1961120000.0000002,1961120000.0000002,3372320000.0000005,12.475657758442097,1305920000.0000002,3372320000.0000005,29.343277397969754,12.475657758442097,7.255023824321524,2066400000.0000002,1608427520.0000002,1.2192778198671954,1.2046548420161327,1614170880.0000002,1.2149395236271392,1.2003685755996292,0.4630609652836579,Michelin,,
MGDDY,2018-12-31,annual,2018,2018,USD,25993040000.0,25993040000.0,18310060000.0,18310060000.0,7682980000.0,4458040000.0,3637940000.0,764640000.0,55460000.0,3224940000.0,593540000.0,333940000.0,336300000.0,2360000.0,259600000.0,2631400000.0,672600000.0,1958800000.0,-40120000.0,-40120000.0,1998920000.0,20060000.0,1978860000.0,1978860000.0,3224940000.0,12.406936626112222,1593000000.0,3224940000.0,29.557835482113674,12.406936626112222,7.613037951697839,1631940000.0,1689665600.0,1.1711548131180514,1.1592826414883513,1698973440.0,1.1647386318175756,1.1529315019780415,0.4448572545952288,Michelin,,
MGDDY,2017-12-31,annual,2017,2017,USD,24814799999.999996,24814799999.999996,16740949999.999998,16740949999.999998,8073849999.999999,4966350000.0,4211509999.9999995,724329999.9999999,30509999.999999996,3107499999.9999995,447479999.99999994,305100000.0,310750000.0,5649999.999999999,142380000.0,2660019999.9999995,746929999.9999999,1913089999.9999998,-15819999.999999998,-15819999.999999998,1928909999.9999998,7909999.999999999,1920999999.9999998,1920999999.9999998,3107499999.9999995,12.522768670309652,1587649999.9999998,3107499999.9999995,32.53642987249545,12.522768670309652,7.741347905282331,1519849999.9999998,1626196559.9999998,1.1812840140308747,1.176419903384865,1634748399.9999998,1.175104376918185,1.1702657118367572,0.4058058024670769,Michelin,,
MGDDY,2016-12-31,annual,2016,2016,USD,23206770000.000004,23206770000.000004,15329100000.000002,15329100000.000002,7877670000.000001,4547670000.0,4069260000.0000005,796980000.0000001,-318570000.0,3330000000.0000005,594960000.0,366300000.00000006,372960000.00000006,6660000.000000001,228660000.00000003,2735040000.0000005,884670000.0000001,1850370000.0000002,-19980000.0,-19980000.0,1870350000.0000002,9990000.0,1860360000.0000002,1860360000.0000002,3330000000.0000005,14.349261013057827,1784880000.0000002,3330000000.0000005,33.94556846989047,14.349261013057827,8.016453819294973,1545120000.0000002,1604482800.0000002,1.1594764368929351,1.153250131444226,1664413920.0000002,1.1177267731574847,1.111724660413799,0.356283034009464,Michelin,,
MGDDY,2015-12-31,annual,2015,2015,USD,23530890000.000004,23530890000.000004,15804180000.000002,15804180000.000002,7726710000.000001,4842930000.0,4035960000.0000005,764790000.0000001,42180000.0,2883780000.0000005,809190000.0000001,369630000.00000006,379620000.00000006,9990000.0,439560000.00000006,2074590000.0000002,783660000.0000001,1290930000.0,-11100000.000000002,-11100000.000000002,1302030000.0,5550000.000000001,1296480000.0,1296480000.0,2883780000.0000005,12.255295061087788,1377510000.0000002,2883780000.0000005,32.83645454974291,12.255295061087788,5.509693853483655,1506270000.0000002,1640437920.0000002,0.7903255491679929,0.7869423062349107,1703778960.0000002,0.7609437787634142,0.757686313957064,0.31328829560340815,Michelin,,
MGDDY,2014-12-31,annual,2014,2014,USD,26005490000.0,26005490000.0,17687670000.0,17687670000.0,8317820000.0,5647180000.0,4572540000.0,872480000.0,202160000.0,2670640000.0,474810000.0,355110000.0,372400000.0,17290000.0,119700000.0,2195830000.0,824600000.0,1371230000.0,,,1371230000.0,,1371230000.0,1371230000.0,2670640000.0,10.269523858231473,1186360000.0,2670640000.0,31.984861658057586,10.269523858231473,5.272848156293152,1484280000.0,1975518160.0,0.6941115641275604,0.6941115641275604,2053605120.0,0.6677184365414905,0.6677184365414905,0.3123838659119185,Michelin,,
MGDDY,2013-12-31,annual,2013,2013,USD,26928510000.0,26928510000.0,18408530000.0,18408530000.0,8519980000.0,5566050000.0,4635050000.0,855190000.0,75810000.0,2953930000.0,690270000.0,352450000.0,367080000.0,14630000.0,337820000.0,2263660000.0,764750000.0,1498910000.0,,,1498910000.0,,1498910000.0,1498910000.0,2953930000.0,10.969526349582654,1556100000.0,2953930000.0,31.639255198300983,10.969526349582654,5.566256729392008,1397830000.0,1959664560.0,0.764880903903268,0.764880903903268,2040528560.0,0.7345694784100449,0.7345694784100449,0.12827195282849838,Michelin,,
MGDDY,2012-12-31,annual,2012,2012,USD,27701460000.0,27701460000.0,19045560000.0,19045560000.0,8655900000.0,5420580000.0,4561440000.0,802380000.0,56760000.0,3235320000.0,414090000.0,412800000.0,441180000.0,28380000.0,1290000.0,2821230000.0,897840000.0,1923390000.0,2580000.0,2580000.0,1920810000.0,-1290000.0,1922100000.0,1922100000.0,3235320000.0,11.679240011176306,1916940000.0,3235320000.0,31.24708950358573,11.679240011176306,6.938623451615908,1318380000.0,1868012880.0,1.0289543613853456,1.0296449347822485,1945794720.0,0.9878226003203462,0.9884855685084807,0.19957571170494284,Michelin,,
MGDDY,2011-12-31,annual,2011,2011,USD,28799409999.999996,28799409999.999996,20601190000.0,20601190000.0,8198219999.999999,5532200000.0,4624530000.0,822880000.0,84790000.0,2666020000.0,-108419999.99999999,294680000.0,323870000.0,29189999.999999996,-403100000.0,2774440000.0,742260000.0,2032179999.9999998,,,2032179999.9999998,,2032179999.9999998,2032179999.9999998,2666020000.0,9.257203532989045,1369150000.0,2666020000.0,28.46662483710604,9.257203532989045,7.05632511221584,1296870000.0,1982718239.9999998,1.024946439187446,1.024946439187446,2066740959.9999998,0.9832775559836003,0.9832775559836003,0.09674597032001885,Michelin,,
GT,2025-12-31,annual,2025,2025,USD,18280000000.0,18280000000.0,14909000000.0,14909000000.0,3371000000.0,2719000000.0,2719000000.0,,,652000000.0,785000000.0,408000000.0,445000000.0,37000000.0,377000000.0,-133000000.0,1567000000.0,-1700000000.0,42000000.0,42000000.0,-1742000000.0,-21000000.0,-1721000000.0,-1721000000.0,1697000000.0,9.283369803063458,652000000.0,652000000.0,18.440919037199123,3.5667396061269145,-9.414660831509847,1045000000.0,,,,,,,,Goodyear,,
GT,2024-12-31,annual,2024,2024,USD,18878000000.0,18878000000.0,15192000000.0,15192000000.0,3686000000.0,2782000000.0,2782000000.0,,,904000000.0,774000000.0,468000000.0,522000000.0,54000000.0,306000000.0,130000000.0,95000000.0,35000000.0,-22000000.0,-22000000.0,57000000.0,11000000.0,46000000.0,46000000.0,1953000000.0,10.345375569445917,904000000.0,904000000.0,19.52537345057739,4.788642864710245,0.2436698802839284,1049000000.0,287000000.0,0.1602787456445993,0.12195121951219512,288000000.0,0.1597222222222222,0.12152777777777778,,Goodyear,,
GT,2023-12-31,annual,2023,2023,USD,20066000000.0,20066000000.0,16582000000.0,16582000000.0,3484000000.0,2814000000.0,2814000000.0,,,670000000.0,1391000000.0,448000000.0,532000000.0,84000000.0,943000000.0,-721000000.0,10000000.0,-731000000.0,-4000000.0,-4000000.0,-727000000.0,2000000.0,-729000000.0,-729000000.0,1671000000.0,8.327519186683944,670000000.0,670000000.0,17.36270307983654,3.338981361507027,-3.6330110634904815,1001000000.0,285000000.0,-2.557894736842105,-2.5649122807017544,285000000.0,-2.557894736842105,-2.5649122807017544,,Goodyear,,
GT,2022-12-31,annual,2022,2022,USD,20805000000.0,20805000000.0,16953000000.0,16953000000.0,3852000000.0,2798000000.0,2798000000.0,,,1054000000.0,655000000.0,417000000.0,451000000.0,34000000.0,238000000.0,399000000.0,190000000.0,209000000.0,14000000.0,14000000.0,195000000.0,-7000000.0,202000000.0,202000000.0,2018000000.0,9.699591444364335,1054000000.0,1054000000.0,18.514780100937276,5.066089882239846,0.9709204518144677,964000000.0,284000000.0,0.7112676056338029,0.7359154929577465,286000000.0,0.7062937062937062,0.7307692307692307,,Goodyear,,
GT,2021-12-31,annual,2021,2021,USD,17478000000.0,17478000000.0,13692000000.0,13692000000.0,3786000000.0,2699000000.0,2699000000.0,,,1087000000.0,574000000.0,315000000.0,387000000.0,72000000.0,259000000.0,513000000.0,-267000000.0,780000000.0,32000000.0,32000000.0,748000000.0,-16000000.0,764000000.0,764000000.0,1970000000.0,11.271312507151848,1087000000.0,1087000000.0,21.661517336079644,6.219247053438608,4.371209520540107,883000000.0,261000000.0,2.9272030651340994,2.9885057471264367,264000000.0,2.893939393939394,2.9545454545454546,,Goodyear,,
GT,2020-12-31,annual,2020,2020,USD,12321000000.0,12321000000.0,10337000000.0,10337000000.0,1984000000.0,2192000000.0,2192000000.0,,,-208000000.0,932000000.0,310000000.0,324000000.0,14000000.0,622000000.0,-1140000000.0,110000000.0,-1250000000.0,8000000.0,8000000.0,-1258000000.0,-4000000.0,-1254000000.0,-1254000000.0,651000000.0,5.283662040418797,-208000000.0,-208000000.0,16.102589075562047,-1.688174661147634,-10.177745312880448,859000000.0,234000000.0,-5.358974358974359,-5.3418803418803416,234000000.0,-5.358974358974359,-5.3418803418803416,0.1581196581196581,Goodyear,,
GT,2019-12-31,annual,2019,2019,USD,14745000000.0,14745000000.0,11602000000.0,11602000000.0,3143000000.0,2323000000.0,2323000000.0,,,820000000.0,643000000.0,314000000.0,340000000.0,26000000.0,329000000.0,177000000.0,474000000.0,-297000000.0,28000000.0,28000000.0,-325000000.0,-14000000.0,-311000000.0,-311000000.0,1615000000.0,10.95286537809427,820000000.0,820000000.0,21.3157002373686,5.561207188877586,-2.109189555781621,795000000.0,233000000.0,-1.3347639484978542,-1.2746781115879828,233000000.0,-1.3347639484978542,-1.2746781115879828,0.6351931330472103,Goodyear,,
GT,2018-12-31,annual,2018,2018,USD,15475000000.0,15475000000.0,11961000000.0,11961000000.0,3514000000.0,2312000000.0,2312000000.0,,,1202000000.0,191000000.0,267000000.0,321000000.0,54000000.0,-76000000.0,1011000000.0,303000000.0,708000000.0,30000000.0,30000000.0,678000000.0,-15000000.0,693000000.0,693000000.0,1980000000.0,12.794830371567043,1202000000.0,1202000000.0,22.707592891760903,7.767366720516963,4.4781906300484655,778000000.0,237000000.0,2.9240506329113924,2.9873417721518987,239000000.0,2.899581589958159,2.9623430962343096,0.5822784810126582,Goodyear,,
GT,2017-12-31,annual,2017,2017,USD,15377000000.0,15377000000.0,11680000000.0,11680000000.0,3697000000.0,2279000000.0,2279000000.0,,,1418000000.0,540000000.0,322000000.0,335000000.0,13000000.0,218000000.0,878000000.0,513000000.0,365000000.0,38000000.0,38000000.0,327000000.0,-19000000.0,346000000.0,346000000.0,2199000000.0,14.300578786499319,1418000000.0,1418000000.0,24.0424009884893,9.221564674513884,2.2501138063341353,781000000.0,249000000.0,1.3895582329317269,1.465863453815261,253000000.0,1.3675889328063242,1.4426877470355732,0.44176706827309237,Goodyear,,
GT,2016-12-31,annual,2016,2016,USD,15158000000.0,15158000000.0,10935000000.0,10935000000.0,4223000000.0,2409000000.0,2409000000.0,,,1814000000.0,607000000.0,357000000.0,372000000.0,15000000.0,250000000.0,1207000000.0,-77000000.0,1284000000.0,40000000.0,40000000.0,1244000000.0,-20000000.0,1264000000.0,1264000000.0,2541000000.0,16.76342525399129,1814000000.0,1814000000.0,27.859875973083522,11.967278005013855,8.338830980340415,727000000.0,263000000.0,4.806083650190114,4.88212927756654,266000000.0,4.7518796992481205,4.827067669172933,0.311787072243346,Goodyear,,
GT,2015-12-31,annual,2015,2015,USD,16443000000.0,16443000000.0,12164000000.0,12164000000.0,4279000000.0,2614000000.0,2614000000.0,,,1665000000.0,1057000000.0,416000000.0,438000000.0,22000000.0,641000000.0,608000000.0,232000000.0,376000000.0,138000000.0,138000000.0,238000000.0,-69000000.0,307000000.0,307000000.0,2363000000.0,14.370856899592532,1665000000.0,1665000000.0,26.02323177035821,10.125889436234264,1.8670558900443959,698000000.0,269000000.0,1.141263940520446,1.3977695167286246,273000000.0,1.1245421245421245,1.3772893772893773,0.2527881040892193,Goodyear,,
GT,2014-12-31,annual,2014,2014,USD,18138000000.0,18138000000.0,13906000000.0,13906000000.0,4232000000.0,2720000000.0,2720000000.0,,,1512000000.0,825000000.0,416000000.0,444000000.0,28000000.0,409000000.0,687000000.0,-1834000000.0,2521000000.0,138000000.0,138000000.0,2383000000.0,-69000000.0,2452000000.0,2445000000.0,2244000000.0,12.371816076744956,1512000000.0,1512000000.0,23.33223067592899,8.336089976844194,13.518579777263204,732000000.0,268000000.0,9.123134328358208,9.406716417910447,279000000.0,8.763440860215054,9.03584229390681,0.2798507462686567,Goodyear,7000000.0,
GT,2013-12-31,annual,2013,2013,USD,19540000000.0,19540000000.0,15422000000.0,15422000000.0,4118000000.0,2758000000.0,2758000000.0,,,1360000000.0,547000000.0,351000000.0,392000000.0,41000000.0,196000000.0,813000000.0,138000000.0,675000000.0,92000000.0,92000000.0,583000000.0,-46000000.0,629000000.0,600000000.0,2082000000.0,10.655066530194473,1360000000.0,1360000000.0,21.074718526100305,6.960081883316274,3.219037871033777,722000000.0,246000000.0,2.4390243902439024,2.7439024390243905,277000000.0,2.1660649819494586,2.436823104693141,0.16666666666666666,Goodyear,29000000.0,
GT,2012-12-31,annual,2012,2012,USD,20992000000.0,20992000000.0,17163000000.0,17163000000.0,3829000000.0,2718000000.0,2718000000.0,,,1111000000.0,671000000.0,340000000.0,357000000.0,17000000.0,331000000.0,440000000.0,203000000.0,237000000.0,50000000.0,50000000.0,187000000.0,-25000000.0,212000000.0,183000000.0,1798000000.0,8.565167682926829,1111000000.0,1111000000.0,18.240282012195124,5.292492378048781,1.009908536585366,687000000.0,245000000.0,0.746938775510204,0.9673469387755103,247000000.0,0.7408906882591093,0.9595141700404858,0.11836734693877551,Goodyear,29000000.0,
GT,2011-12-31,annual,2011,2011,USD,22767000000.0,22767000000.0,18821000000.0,18821000000.0,3946000000.0,2822000000.0,2822000000.0,,,1124000000.0,506000000.0,314000000.0,330000000.0,16000000.0,192000000.0,618000000.0,201000000.0,417000000.0,148000000.0,148000000.0,269000000.0,-74000000.0,343000000.0,321000000.0,1839000000.0,8.077480563974174,1124000000.0,1124000000.0,17.33210348311152,4.936970176132121,1.5065665217200332,715000000.0,244000000.0,1.3155737704918034,1.709016393442623,271000000.0,1.1845018450184501,1.5387453874538746,0.06147540983606557,Goodyear,22000000.0,
BRDCY,2025-12-31,annual,2025,2025,USD,29234383200.0,29234383200.0,17970407400.0,17970407400.0,11263975800.0,8747811600.0,8045914800.0,,701896800.0,2516164200.0,175401600.0,170636400.0,290525400.0,119889000.0,4765200.0,2340762600.0,201425400.0,2139330600.0,25819200.0,-41223600.0,2113511400.0,-46431000.0,2159942400.0,2159942400.0,2516164200.0,8.606866041216838,184852800.0,2516164200.0,38.52989037921621,8.606866041216838,7.388363165466067,2331311400.0,8720339.6808,247.6901679364224,245.32652147831686,35153844.0,61.442566565408896,60.85623523845643,112.447660973459,Bridgestone,,67042800.0
BRDCY,2024-12-31,annual,2024,2024,USD,28795624000.0,28795624000.0,17576604500.0,17576604500.0,11219019500.0,8337446000.0,8138858000.0,,198588000.0,2881573500.0,142233000.0,146328000.0,323713000.0,177385000.0,-4095000.0,2739340500.0,839956000.0,1899384500.0,93704000.0,93918500.0,1805680500.0,-46748000.0,1852428500.0,1852428500.0,2881573500.0,10.006984047298298,619196500.0,2881573500.0,38.960848703955854,10.006984047298298,6.4330208645591425,2262377000.0,17803681.012,104.04749999460392,106.68493210588197,17822094.478499997,103.93999999465326,106.5747071586539,51.238617417664166,Bridgestone,,-214500.0
BRDCY,2023-12-31,annual,2023,2023,USD,30627980000.0,30627980000.0,18894718800.0,18894718800.0,11733268300.0,8312665800.000001,8388522200.000001,,-75856400.0,3420602500.0,267109100.00000003,305023100.0,556256600.0,251233500.0,-37914000.0,3153493400.0,789356700.0,2364136700.0,54812000.0,23749500.0,2309324700.0,-42940800.0,2352265500.0,2352265500.0,3420602500.0,11.168227548796885,1249387000.0,3420602500.0,38.30896193611201,11.168227548796885,7.6801196161157215,2171215500.0,19444089.82,120.9758606227216,121.58639061460579,19444089.82,120.9758606227216,121.58639061460579,47.485503746762674,Bridgestone,,31062500.0
BRDCY,2022-12-31,annual,2022,2022,USD,31236532000.0,31236532000.0,19127839600.0,19127839600.0,12108692400.0,8754820000.0,8804774800.0,,-49954800.0,3353872400.0,135591600.0,179474000.0,318424800.0,138950800.0,-43882400.0,3218280800.0,855098800.0,2363182000.0,122656400.0,161728000.0,2240525600.0,-41792400.0,2282318000.0,2282318000.0,3353872400.0,10.737019077533958,1209851600.0,3353872400.0,38.76452225874498,10.737019077533958,7.306566554827533,2144020800.0,21122611.8736,108.0509367713443,111.87925120915621,21151590.4,107.90290265832682,111.72597215195695,42.824230517181434,Bridgestone,,-39071600.0
BRDCY,2021-12-31,annual,2021,2021,USD,29539118700.0,29539118700.0,17559469200.0,17559469200.0,11979640400.0,8550769500.0,8450442000.0,,100327500.0,3428870900.0,-7234500.0,49249200.0,147592900.0,98343700.0,-56483700.0,3436105400.0,575429400.0,2860676000.0,-665992600.0,-1450121400.0,3526668600.0,-59068100.0,3585736700.0,3585736700.0,3428870900.0,11.607898444173962,1149794100.0,3428870900.0,40.55520281991351,11.607898444173962,12.138942723433384,2279076800.0,25632588.8,139.88976017904207,111.60308552213033,25671391.200000003,139.6783163041043,111.43439705753072,36.25360697082614,Bridgestone,,784128800.0
BRDCY,2020-12-31,annual,2020,2020,USD,25335105600.0,25335105600.0,15806231600.0,15806231600.0,9528874000.0,8941486800.0,7965607000.0,,975879800.0,587387200.0,329714400.0,145239400.0,222949200.0,77709800.0,184475000.0,257672800.0,410131400.0,-152458600.0,100138200.0,133141600.0,-252596800.0,-33567400.0,-219029400.0,-219029400.0,587387200.0,2.3184714888261606,-1926680400.0,587387200.0,37.61134510526769,2.3184714888261606,-0.8645292561954034,2514067600.0,26474460.8,-8.273233651655712,-5.758704630539633,26474460.8,-8.273233651655712,-5.758704630539633,32.49643520596272,Bridgestone,,-33003400.0
BRDCY,2019-12-31,annual,2019,2019,USD,32266635600.0,32266635600.0,20079496800.0,20079496800.0,12187138800.0,8973247600.0,9184912000.0,968603600.0,-1180268000.0,3213891200.0,127199200.0,97299200.0,260580800.0,163281600.0,29900000.0,3086692000.0,820814800.0,2265877200.0,113702800.0,113702800.0,2152174400.0,-56846800.0,2209021200.0,2209021200.0,3213891200.0,9.960416201557749,732200400.0,3213891200.0,37.7700946298845,9.960416201557749,6.846146674182542,2481690800.0,26590097.599999998,83.07683684470568,85.21507645763587,26634036.8,82.93978177577648,85.0744938521674,40.716164953076365,Bridgestone,,
BRDCY,2018-12-31,annual,2018,2018,USD,33216010100.0,33216010100.0,20645561300.0,20645561300.0,12570439700.0,8905542100.0,2727051600.0,942314100.0,5236176400.0,3664897600.0,-227791200.0,76048700.0,116571000.0,40522300.0,-303839900.0,3892688800.0,1164954700.0,2727734100.0,147574700.0,147574700.0,2580159400.0,-73782800.0,2653942200.0,2653942200.0,3664897600.0,11.033527473548064,1799079100.0,3664897600.0,37.84454774115088,11.033527473548064,7.989948798817351,1865818500.0,27364064.0,96.98640523571352,99.6830770458657,27411094.811100002,96.82000001420221,99.51204498754338,39.98417047994041,Bridgestone,,
BRDCY,2017-12-31,annual,2017,2017,USD,32426500300.0,32426500300.0,20137042100.0,20137042100.0,12289458200.0,8559895400.0,2579522600.0,888139900.0,5092232900.0,3729562800.0,-12193000.0,51335200.0,107725600.0,56390400.0,-63528200.0,3741755800.0,1094753400.0,2647002400.0,162700900.0,162700900.0,2484301500.0,-81346000.0,2565647500.0,2565647500.0,3729562800.0,11.501589025936296,1905623500.0,3729562800.0,37.899428203172455,11.501589025936296,7.912193657235345,1823939300.0,27317873.6,93.91827261401488,96.89635579835175,27366176.8993,93.75250000907604,96.72532665926411,35.398824013886646,Bridgestone,,
BRDCY,2016-12-31,annual,2016,2016,USD,30700556400.0,30700556400.0,18146770000.0,18146770000.0,12553777200.0,8417889600.0,2472316000.0,877707600.0,5067866000.0,4135887600.0,257278000.0,47278800.0,93554800.0,46276000.0,209999200.0,3878609600.0,1344580000.0,2534029600.0,181930000.0,181930000.0,2352099600.0,-90960400.0,2443060000.0,2443060000.0,4135887600.0,13.47170242165383,2387335600.0,4135887600.0,40.891071277131644,13.47170242165383,7.957705939166628,1748552000.0,28823232.0,84.76009907563454,87.91621980491293,28867541.058399998,84.63000000788456,87.78127637797668,34.9145855676421,Bridgestone,,
BRDCY,2015-12-31,annual,2015,2015,USD,31459083300.0,31459083300.0,19039677100.0,19039677100.0,12419397900.0,8126206300.0,2395471300.0,788309100.0,4942425900.0,4293191600.0,324471900.0,51476600.0,100579400.0,49102800.0,272995300.0,3968719700.0,1514617200.0,2454102500.0,188916300.0,188916300.0,2265186200.0,-94454000.0,2359640200.0,2359640200.0,4293191600.0,13.646906233914324,2613827700.0,4293191600.0,39.47796597111906,13.646906233914324,7.500664204032925,1679363900.0,26002372.8,90.74711058676922,94.37994443337878,26035972.635900002,90.63000000032197,94.25814561719629,29.98197149146327,Bridgestone,,
BRDCY,2014-12-31,annual,2014,2014,USD,34535261600.0,34535261600.0,21522475000.0,21522475000.0,13012786600.0,8519191800.0,2596552600.0,884981800.0,5037657400.0,4493594800.0,2716600.0,78358400.0,137822800.0,59464400.0,-75641800.0,4490878200.0,1576417600.0,2914460600.0,177829200.0,177829200.0,2736631400.0,-88905200.0,2825536600.0,2825536600.0,4493594800.0,13.011613614069164,2711571000.0,4493594800.0,37.679710525198395,13.011613614069164,8.18159894871044,1782023800.0,29444973.6,95.95989585129055,98.97990195515068,29479502.338,95.84749998841721,98.86396882091083,17.493688634178298,Bridgestone,,
BRDCY,2013-12-31,annual,2013,2013,USD,36751337300.0,36751337300.0,23356928900.0,23356928900.0,13394408400.0,8881607600.0,2734856000.0,917699100.0,5229052500.0,4512800800.0,1009791400.0,97757300.0,152697500.0,54940200.0,912034100.0,3503009400.0,1301003300.0,2202006100.0,241710100.0,241710100.0,1960296000.0,-120849900.0,2081145900.0,2081145900.0,4512800800.0,12.279283235769492,2688063100.0,4512800800.0,36.44604355662454,12.279283235769492,5.6627759774064055,1824737700.0,32253832.0,64.52398896354393,68.27114682063204,32289607.0724,64.45250000514528,68.19550622163489,10.747132309736095,Bridgestone,,
BRDCY,2012-12-31,annual,2012,2012,USD,37996725000.0,37996725000.0,25215462500.0,25215462500.0,12781250000.0,9206262500.0,2695025000.0,1035012500.0,5476225000.0,3574987500.0,224350000.0,162000000.0,205775000.0,43775000.0,62350000.0,3350637500.0,1109187500.0,2241450000.0,192762500.0,192762500.0,2048687500.0,-96375000.0,2145062500.0,2145062500.0,3574987500.0,9.408672721135835,1636675000.0,3574987500.0,33.63780036305761,9.408672721135835,5.645387859085224,1938312500.0,39133050.0,54.81460044642572,57.27767194225853,39161341.85,54.77500000424526,57.236292070518004,6.999198886874394,Bridgestone,,
BRDCY,2011-12-31,annual,2011,2011,USD,37804437500.0,37804437500.0,26146475000.0,26146475000.0,11657962500.0,9266412500.0,2795912500.0,1049762500.0,5420737500.0,2391550000.0,406812500.0,157312500.0,208875000.0,51562500.0,249500000.0,1984737500.0,638287500.0,1346450000.0,118650000.0,118650000.0,1227800000.0,-59325000.0,1287125000.0,1287125000.0,2391550000.0,6.326109203449992,395737500.0,2391550000.0,30.837550485971388,6.326109203449992,3.404692901461634,1995812500.0,39133100.0,32.890954205008036,34.40693428325382,39152091.25,32.87500000399085,34.39024473564998,5.00088160661946,Bridgestone,,
CTTAY,2025-12-31,annual,2025,2025,USD,20856560000.0,20856560000.0,15438900000.0,15438900000.0,5416600000.0,3792680000.0,3178940000.0,594660000.0,19080000.0,1623920000.0,1656780000.0,292560000.0,374180000.0,81620000.0,1364220000.0,-32860000.0,407040000.0,-439900000.0,-233200000.0,-530000000.0,-206700000.0,-31800000.0,-174900000.0,-174900000.0,1623920000.0,7.7861353933726365,-57240000.0,1623920000.0,25.97580809107542,7.7861353933726365,-0.8385850782679406,1681160000.0,,,,,,,,Continental,,296800000.0
CTTAY,2024-12-31,annual,2024,2024,USD,21683160000.0,21683160000.0,15953760000.000002,15953760000.000002,5729400000.0,3718440000.0000005,3073680000.0,572400000.0,72360000.0,2010960000.0000002,114480000.00000001,326160000.0,393120000.0,66960000.00000001,-211680000.0,1896480000.0000002,429840000.0,1466640000.0,239760000.00000003,411480000.0,1226880000.0,-34560000.0,1261440000.0,1261440000.0,2010960000.0000002,9.274293968222343,811080000.0,2010960000.0000002,26.423270408925635,9.274293968222343,5.817602231409075,1199880000.0,2160000000.0,0.584,0.679,2160000000.0,0.584,0.679,0.22,Continental,,-171720000.0
CTTAY,2023-12-31,annual,2023,2023,USD,44734680000.0,44734680000.0,35222040000.0,35222040000.0,9512640000.0,8674560000.0,4193640000.0000005,4456080000.0,24840000.0,838080000.0,-909360000.0000001,342360000.0,454680000.00000006,112320000.0,-1251720000.0,1747440000.0,457920000.00000006,1289520000.0,81000000.0,81000000.0,1208520000.0,-39960000.0,1248480000.0,1248480000.0,838080000.0,1.8734458366529056,-1503360000.0,838080000.0,21.264575939740713,1.8734458366529056,2.790854880374689,2341440000.0,2160000000.0,0.578,0.597,2160000000.0,0.578,0.597,0.15,Continental,,
CTTAY,2022-12-31,annual,2022,2022,USD,41379345000.0,41379345000.0,33418980000.0,33418980000.0,7960365000.0,7945140000.0,3679305000.0,4259640000.0,6195000.0,15225000.0,-569415000.0,158655000.0,250425000.0,91770000.0,-728070000.0,584640000.0,466830000.0,117810000.0,95655000.0,95655000.0,22155000.0,-47775000.0,69930000.0,69930000.0,15225000.0,0.036793719185260185,-3356535000.0,15225000.0,19.237532638566414,0.036793719185260185,0.16899735846471228,3371760000.0,2100000000.0,0.0333,0.0561,2100000000.0,0.0333,0.0561,0.22,Continental,,
CTTAY,2021-12-31,annual,2021,2021,USD,39842936000.0,39842936000.0,30709382000.0,30709382000.0,9133554000.0,8168904000.0,4007988000.0,4165872000.0,-4956000.0,964650000.0,-1029196000.0,115050000.0,219480000.0,104430000.0,-1144246000.0,1993846000.0,424210000.0,1569636000.0,-62658000.0,-247800000.0,1632294000.0,-61242000.0,1693536000.0,1693536000.0,964650000.0,2.4211318161894493,-1885050000.0,964650000.0,22.923897977799626,2.4211318161894493,4.2505301316147985,2849700000.0,2360000000.0,0.7176,0.6651,2360000000.0,0.7176,0.6651,,Continental,,185142000.0
CTTAY,2020-12-31,annual,2020,2020,USD,36325416000.0,36325416000.0,27782483999.999996,27782483999.999996,8542931999.999999,6755183999.999999,3676385999.9999995,3078797999.9999995,,1787747999.9999998,2489874000.0,197789999.99999997,303582000.0,105791999.99999999,2292084000.0,-702125999.9999999,-57341999.99999999,-644784000.0,500915999.99999994,903563999.9999999,-1145700000.0,-49133999.99999999,-1096566000.0,-1096566000.0,1787747999.9999998,4.92147977052761,-2489418000.0,1787747999.9999998,23.517781599528,4.92147977052761,-3.0187293656870993,4277165999.9999995,2280000000.0,-0.48095,-0.2828,2280000000.0,-0.48095,-0.2828,0.3,Continental,,-402647999.99999994
CTTAY,2019-12-31,annual,2019,2019,USD,49815808000.00001,49815808000.00001,37960608000.0,37960608000.0,11855200000.000002,8056496000.000001,4288592000.0000005,3767904000.0000005,,3798704000.0000005,4457936000.0,190512000.00000003,355376000.00000006,164864000.00000003,4267424000.0000005,-659232000.0000001,652288000.0000001,-1311520000.0000002,120960000.00000001,120960000.00000001,-1432480000.0000002,-60480000.00000001,-1372000000.0000002,-1372000000.0000002,3798704000.0000005,7.625499118673333,-2076256000.0000002,3798704000.0000005,23.79806827583726,7.625499118673333,-2.7541458325839057,5874960000.000001,2240000000.0,-0.6125,-0.5855,2240000000.0,-0.6125,-0.5855,0.475,Continental,,
CTTAY,2018-12-31,annual,2018,2018,USD,52397192000.0,52397192000.0,39293410000.0,39293410000.0,13103782000.0,7987184000.0,4299094000.0,3786620000.0,-98530000.0,5116598000.0,573716000.0,180894000.0,325916000.0,145022000.0,392822000.0,4542882000.0,1052088000.0,3490794000.0,143960000.0,143960000.0,3346834000.0,-71980000.0,3418814000.0,3418814000.0,5116598000.0,9.76502328598067,2511158000.0,5116598000.0,25.008557710497158,9.76502328598067,6.524803848267288,2605440000.0,2360000000.0,1.44865,1.47915,2360000000.0,1.44865,1.47915,0.45,Continental,,
CTTAY,2017-12-31,annual,2017,2017,USD,49730734999.99999,49730734999.99999,36877550000.0,36877550000.0,12853184999.999998,7308952999.999999,4039184999.9999995,3507180999.9999995,-237412999.99999997,5544231999.999999,712577999.9999999,211422999.99999997,318094999.99999994,106671999.99999999,501154999.99999994,4831654000.0,1387074999.9999998,3444578999.9999995,143962000.0,143962000.0,3300616999.9999995,-71981000.0,3372597999.9999995,3372597999.9999995,5544231999.999999,11.148502027971235,3151569999.9999995,5544231999.999999,25.845556073120576,11.148502027971235,6.781717583703519,2392662000.0,2260000000.0,1.4923,1.52415,2260000000.0,1.4923,1.52415,0.425,Continental,,
CTTAY,2016-12-31,annual,2016,2016,USD,45009945000.00001,45009945000.00001,33059130000.000004,33059130000.000004,11950815000.000002,7012314000.000001,3622596000.0000005,3120765000.0000005,268953000.0,4938501000.0,522033000.00000006,230214000.00000003,342768000.00000006,112554000.00000001,291819000.0,4416468000.0,1217448000.0,3199020000.0000005,176490000.00000003,176490000.00000003,3022530000.0000005,-88245000.00000001,3110775000.0000005,3110775000.0000005,4938501000.0,10.972021849837853,2761125000.0000005,4938501000.0,26.551498785435086,10.972021849837853,6.911305934721759,2177376000.0,2220000000.0,1.40125,1.441,2220000000.0,1.40125,1.441,0.375,Continental,,
CTTAY,2015-12-31,annual,2015,2015,USD,43547520000.00001,43547520000.00001,32253048000.000004,32253048000.000004,11294472000.000002,6290037000.000001,3445995000.0000005,2719056000.0000005,124986000.00000001,5004435000.0,708735000.0000001,262404000.00000003,368298000.00000006,105894000.00000001,446331000.00000006,4295700000.0,1210344000.0,3085356000.0000005,115884000.00000001,115884000.00000001,2969472000.0000005,-57942000.00000001,3027414000.0000005,3027414000.0000005,5004435000.0,11.491894371941273,2911197000.0000005,5004435000.0,25.935970636215334,11.491894371941273,6.951977977161501,2093238000.0000002,2220000000.0,1.3637,1.3898,2220000000.0,1.3637,1.3898,0.325,Continental,,
CTTAY,2014-12-31,annual,2014,2014,USD,45892581000.0,45892581000.0,34366668000.0,34366668000.0,11525913000.0,6404216000.0,3462522000.0,2843141000.0,98553000.0,5121697000.0,1025962000.0,380114000.0,505799000.0,125685000.0,645848000.0,4095735000.0,827260000.0,3268475000.0,218652000.0,218652000.0,3049823000.0,-109326000.0,3159149000.0,3159149000.0,5121697000.0,11.160185128833787,2742327000.0,5121697000.0,25.114981003138613,11.160185128833787,6.8837902143703795,2379370000.0,2660000000.0,1.18765,1.22875,2660000000.0,1.18765,1.22875,0.25,Continental,,
CTTAY,2013-12-31,annual,2013,2013,USD,44330230000.0,44330230000.0,33954102000.0,33954102000.0,10376128000.0,5733763000.0,3133081000.0,2498272000.0,102410000.0,4642365000.0,1371363000.0,718732000.0,827526000.0,108794000.0,652631000.0,3271002000.0,597968000.0,2673034000.0,230622000.0,230622000.0,2442412000.0,-115311000.0,2557723000.0,2557723000.0,4642365000.0,10.472233056313943,2206736000.0,4642365000.0,23.40643845069155,10.472233056313943,5.769703879271549,2435629000.0,2660000000.0,0.96155,1.0049,2660000000.0,0.96155,1.0049,0.225,Continental,,
CTTAY,2012-12-31,annual,2012,2012,USD,42229698000.0,42229698000.0,33045801000.0,33045801000.0,9183897000.0,4897743000.0,2893083000.0,2250792000.0,-246132000.0,4286154000.0,819408000.0,810249000.0,935379000.0,125130000.0,9159000.0,3466746000.0,900162000.0,2566584000.0,217752000.0,217752000.0,2348832000.0,-108876000.0,2457708000.0,2457708000.0,4286154000.0,10.149620298018707,1988406000.0,4286154000.0,21.747484436189907,10.149620298018707,5.8198569168076935,2297748000.0,2580000000.0,0.9526,0.9948,2580000000.0,0.9526,0.9948,0.15,Continental,,
CTTAY,2011-12-31,annual,2011,2011,USD,42401811000.0,42401811000.0,33509980999.999996,33509980999.999996,8891830000.0,5275328000.0,2897594000.0,2236093000.0,141641000.0,3616501999.9999995,1029155999.9999999,878896999.9999999,919484999.9999999,40588000.0,150259000.0,2587346000.0,745318000.0,1842027999.9999998,230739999.99999997,230739999.99999997,1611288000.0,-115369999.99999999,1726657999.9999998,1726657999.9999998,3616501999.9999995,8.529121550963943,1349273000.0,3616501999.9999995,20.970401476484106,8.529121550963943,4.0721326737671655,2267229000.0,2780000000.0,0.6211,0.6626,2780000000.0,0.6211,0.6626,0.01895,Continental,,
PLLIF,2024-12-31,annual,2024,2024,USD,7315189920.000001,7315189920.000001,2756017440.0,2756017440.0,4559172480.0,3797156880.0000005,808076520.0,,2989080360.0,762015600.0,62399160.00000001,160508520.0,207310320.0,46801800.0,-98109360.0,699616440.0,158424120.0,541192320.0,71545680.0,71545680.0,469646640.00000006,-35772840.0,505419480.00000006,505419480.00000006,762015600.0,10.416894275248017,143478000.0,762015600.0,62.324731549826936,10.416894275248017,6.909177827607242,618537600.0,1075404255.48,0.46998091873312253,0.5032454700101984,1075404255.48,0.46998091873312253,0.5032454700101984,0.20527350424280097,Pirelli,,
PLLIF,2023-12-31,annual,2023,2023,USD,7182068040.0,7182068040.0,2799242280.0,2799242280.0,4382825760.0,3652128000.0000005,812600640.0,,2839527360.0,730697760.0,50186520.0,170373240.0,221172120.0,50798880.0,-120186720.00000001,680511240.0,144933840.0,535577400.00000006,36342000.0,36342000.0,499235400.00000006,-18171000.0,517406400.00000006,517406400.00000006,730697760.0,10.173918653101483,128082600.00000001,730697760.0,61.024564729687526,10.173918653101483,7.204142276546854,602615160.0,1077975000.0,0.47997996242955543,0.49683656856606134,1077975000.0,0.47997996242955543,0.49683656856606134,0.2232896681277395,Pirelli,,
PLLIF,2022-12-31,annual,2022,2022,USD,6946513350.0,6946513350.0,2794137150.0,2794137150.0,4152376200.0,3633182700.0,848962800.0,,2784219900.0,519193500.0,-106222200.0,89877900.0,131388600.0,41510700.0,-196100100.0,625415700.0,167720700.0,457695000.0,38094000.0,38094000.0,419601000.0,-19047000.0,438648000.0,438648000.0,519193500.0,7.474159680410029,-52286850.0,519193500.0,59.77640854890173,7.474159680410029,6.314649924339381,571480350.0,1050000000.0,0.41776,0.4359,1050000000.0,0.41776,0.4359,0.185395,Pirelli,,
PLLIF,2021-12-31,annual,2021,2021,USD,6291111000.0,6291111000.0,2426070560.0,2426070560.0,3865040440.0,3262216200.0,729379240.0,,2532836960.0,602824240.0,87458060.0,120455580.0,145770120.0,25314540.0,-32997520.0,515366180.0,135886440.0,379479740.0,44360920.0,44360920.0,335118820.0,-22180460.0,357299280.0,357299280.0,602824240.0,9.582158699790863,2584200.0,602824240.0,61.43653227545977,9.582158699790863,5.679430548912585,600240040.0,1180000000.0,0.302796,0.321593,1180000000.0,0.302796,0.321593,0.079935,Pirelli,,
PLLIF,2020-12-31,annual,2020,2020,USD,4904429340.0,4904429340.0,2012707619.9999998,2012707619.9999998,2891721719.9999995,2699378640.0,606822000.0,,2092556639.9999998,192343079.99999997,126945839.99999999,118648919.99999999,142588920.0,23939999.999999996,8296919.999999999,65397239.99999999,16750019.999999998,48647219.99999999,29393759.999999996,29393759.999999996,19253460.0,-14696879.999999998,33950340.0,33950340.0,192343079.99999997,3.921823858920149,-384558479.99999994,192343079.99999997,58.96143097455656,3.921823858920149,0.6922383349089091,576901560.0,1140000000.0,0.029781,0.042673,1140000000.0,0.029781,0.042673,,Pirelli,,
PLLIF,2019-12-31,annual,2019,2019,USD,5961820480.000001,5961820480.000001,2350126240.0,2350126240.0,3611694240.0000005,2831476480.0000005,698712000.0000001,,2132764480.0000002,780217760.0000001,83287680.00000001,15883840.000000002,151488960.0,135605120.0,67403840.0,696930080.0000001,184309440.00000003,512620640.00000006,43821120.00000001,43821120.00000001,468799520.00000006,-21910560.000000004,490710080.00000006,490710080.00000006,780217760.0000001,13.086904622797363,189061600.00000003,780217760.0000001,60.58039238377067,13.086904622797363,8.230876485566368,591156160.0,1120000000.0,0.438134,0.457697,1120000000.0,0.438134,0.457697,0.185768,Pirelli,,
PLLIF,2018-12-31,annual,2018,2018,USD,6129475780.0,6129475780.0,2415795120.0,2415795120.0,3713680660.0,2950518020.0,739366760.0,,2211151260.0,763162640.0,171079940.0,108849100.0,129116780.0,20267680.0,62230840.0,592082700.0,62497520.0,529585180.0,32993980.0,40580200.0,496591200.0,-12703880.0,509295080.0,509295080.0,763162640.0,12.450699984656763,274025500.0,763162640.0,60.58724747909845,12.450699984656763,8.308950035528161,489137140.0,1180000000.0,0.431606,0.448801,1180000000.0,0.431606,0.448801,0.008366,Pirelli,,-7586220.0
PLLIF,2017-12-31,annual,2017,2017,USD,6048079789.999999,6048079789.999999,2600745849.9999995,2600745849.9999995,3447333939.9999995,2793303499.9999995,780804009.9999999,,2012499489.9999998,654030439.9999999,310377100.0,277181090.0,296501830.0,19320740.0,33196009.999999996,343653339.99999994,46158239.99999999,297495100.0,97398089.99999999,196344279.99999997,200097009.99999997,774049.9999999999,199322959.99999997,199322959.99999997,654030439.9999999,10.813852705471664,234284029.99999997,654030439.9999999,56.99881714027453,10.813852705471664,3.2956403837390513,419746409.99999994,964152159.9999999,0.20673392465355261,0.30855617229546006,964152159.9999999,0.20673392465355261,0.30855617229546006,0.014933804639300916,Pirelli,,-98946189.99999999
PLLIF,2016-12-31,annual,2016,2016,USD,5523799560.000001,5523799560.000001,2375665290.0,2375665290.0,3148134270.0000005,2492221950.0,729843870.0000001,,1762378080.0000002,655912320.0,390352590.00000006,341918850.00000006,377720790.00000006,35801940.0,48433740.00000001,265559730.00000003,83534160.0,182025570.00000003,46049460.00000001,64211280.00000001,135976110.0,-13943820.000000002,149919930.0,149919930.0,655912320.0,11.874296177394243,275644080.0,655912320.0,56.99218872453076,11.874296177394243,2.7140725939012893,380268240.00000006,784175040.0000001,0.191181716265797,0.23212364678171854,784175040.0000001,0.191181716265797,0.23212364678171854,0.002906022104452598,Pirelli,,-18161820.0
PLLIF,2015-12-31,annual,2015,2015,USD,2451802410.0,2451802410.0,767636040.0000001,767636040.0000001,1684166370.0000002,1414922550.0000002,752262540.0000001,,662660010.0,269243820.0,206955060.00000003,260741220.00000003,311228460.0,50487240.00000001,-53786160.00000001,62288760.00000001,42423090.00000001,19865670.0,,16262610.000000002,19865670.0,,19865670.0,19865670.0,269243820.0,10.98146485629729,105489960.00000001,269243820.0,68.69095009984919,10.98146485629729,0.8102475925048137,163753860.0,540827032.71,0.036732021142612314,0.036732021142612314,540827032.71,0.036732021142612314,0.036732021142612314,0.389057309035857,Pirelli,,-16262610.000000002
PLLIF,2014-12-31,annual,2014,2014,USD,8004023790.0,8004023790.0,3081075340.0,3081075340.0,4922948450.0,3940053180.0,823041240.0,,3117011940.0,982895270.0,333159680.0,138466300.0,191799300.0,53333000.0,194693380.0,649735590.0,230500970.0,419234620.0,12593770.0,-10844820.0,406640850.0,-18016180.0,424657030.0,424657030.0,982895270.0,12.280014350132259,577438120.0,982895270.0,61.50591976189016,12.280014350132259,5.305544325474824,405457150.0,649322675.5400001,0.6540000003031466,0.6456491291503865,649322675.5400001,0.6540000003031466,0.6456491291503865,0.32793299544470117,Pirelli,,23438590.0
PLLIF,2013-12-31,annual,2013,2013,USD,8061076800.0,8061076800.0,3386293050.0,3386293050.0,4674783750.0,3844623020.0,773662330.0,,3070960690.0,830160730.0,147227010.0,138863970.0,180320070.0,41456100.0,8363040.0,682933720.0,277959360.0,404974360.0,5101880.0,2441880.0,399872480.0,-3880940.0,403753420.0,403753420.0,830160730.0,10.29838507431166,441279370.0,830160730.0,57.992050764235366,10.29838507431166,5.0086784931759984,388881360.0,648079326.37,0.6229999994931021,0.6248839355335228,648079326.37,0.6229999994931021,0.6248839355335228,0.32792184745400893,Pirelli,,2660000.0
PLLIF,2012-12-31,annual,2012,2012,USD,7832280150.0,7832280150.0,3398085750.0,3398085750.0,4434194400.0,3594195420.0,727679970.0,,2866515450.0,839998980.0,79175040.0,118469730.0,164290530.0,45820800.0,-39294690.0,760823940.0,255710250.0,505113690.0,11484870.0,11484870.0,493628820.0,-5741790.0,499370610.0,499370610.0,839998980.0,10.724833176453732,475901640.0,839998980.0,56.61434876023938,10.724833176453732,6.375801177132306,364097340.0,613251810.0,0.8142994473999188,0.8236644095677434,613251810.0,0.8142994473999188,0.8236644095677434,0.28457957588417065,Pirelli,,
PLLIF,2011-12-31,annual,2011,2011,USD,7860162269.999999,7860162269.999999,3627602539.9999995,3627602539.9999995,4232559729.9999995,3481469059.9999995,687124260.0,,2794344800.0,751090670.0,90690550.0,61973149.99999999,103889990.0,41916840.0,28717399.999999996,660400120.0,47895230.0,612504890.0,-30460459.999999996,-30460459.999999996,642965350.0,15230229.999999998,627735120.0,627735120.0,751090670.0,9.555663664434755,430116039.99999994,751090670.0,53.848248733419595,9.555663664434755,7.986287031196368,320974630.0,660790710.0,0.9499757041075835,0.9269272111891524,660790710.0,0.9499757041075835,0.9269272111891524,0.17573818493907095,Pirelli,,
PLLIF,2010-12-31,annual,2010,2010,USD,6448395940.0,6448395940.0,2473347800.0,2473347800.0,3975048140.0,3432723350.0,,,3432723350.0,542324790.0,56306880.0,87504690.0,483224910.0,395720220.0,-31197810.0,486017910.0,182686140.0,303331770.0,251096020.0,548803220.0,52235750.0,23305590.0,28930160.0,28930160.0,542324790.0,8.41022783101622,238289450.0,542324790.0,61.6439836664248,8.41022783101622,0.448641185640347,304035340.0,632267370.0,0.04575621228088997,0.4797523712159936,632267370.0,0.04575621228088997,0.4797523712159936,0.1789734301803365,Pirelli,,-297707200.0
SSUMY,2025-03-31,annual,2025,2025,USD,48127754400.0,48127754400.0,38592371400.0,38592371400.0,9535383000.0,6862231200.0,6862231200.0,,,2673151800.0,-1917590400.0,179856600.0,646496400.0,466639800.0,-2097447000.0,4590742200.0,571566600.0,4019175600.0,621812400.0,621812400.0,3397363200.0,-310906200.0,3708269400.0,3708269400.0,2673151800.0,5.554283247422822,1224669600.0,2673151800.0,19.812648894335283,5.554283247422822,7.705053863888567,1448482200.0,7997820.3888,463.6599998160739,502.53386605535417,8003689.4586,463.3200000051786,502.16536021164313,127.92552848933266,Sumitomo,,
SSUMY,2024-03-31,annual,2024,2024,USD,44916963000.0,44916963000.0,36190791000.0,36190791000.0,8726172000.0,6029361000.0,6029361000.0,,,2696811000.0,-732888000.0,106041000.0,574132000.0,468091000.0,-838929000.0,3429699000.0,659945000.0,2769754000.0,516932000.0,516932000.0,2252822000.0,-258466000.0,2511288000.0,2511288000.0,2696811000.0,6.0039923001918005,1395693000.0,2696811000.0,19.42734195987382,6.0039923001918005,5.590956806229308,1301118000.0,7950384.649999999,315.87000007603405,348.37987367064056,7956177.9245,315.6399999887911,348.1262015861797,120.44939234480938,Sumitomo,,
SSUMY,2023-03-31,annual,2023,2023,USD,48406891200.0,48406891200.0,39640152000.0,39640152000.0,8766739200.0,5763332700.0,5763332700.0,,,3003406500.0,-2130759700.0000002,81302100.0,424516100.0,343214000.0,-2212061800.0,5134166200.0,879512500.0,4254653700.0000005,481578800.0,481578800.0,3773074900.0,-240789400.0,4013864300.0,4013864300.0,3003406500.0,6.2045019325678155,1698788600.0,3003406500.0,18.110518941980725,6.2045019325678155,8.291927451850079,1304617900.0,8863795.8592,452.83808018140326,480.00357494514805,8874897.0855,452.2716445419901,479.40315915903363,122.66605834242812,Sumitomo,,
SSUMY,2022-03-31,annual,2022,2022,USD,41762114000.0,41762114000.0,34089131200.0,34089131200.0,7672982800.0,5425951600.0,5425951600.0,,,2247031200.0,-2237113200.0,9158000.0,229474400.0,220316400.0,-2246271200.0,4484144400.0,801435200.0,3682709200.0,317269600.0,317269600.0,3365439600.0,-158634800.0,3524074400.0,3524074400.0,2247031200.0,5.380549461648421,952272400.0,2247031200.0,18.373070865138676,5.380549461648421,8.438448302688892,1294758800.0,9499877.3132,370.95999072570424,387.6586063783062,9510936.21,370.5286548231407,387.2078540625603,79.9890330103679,Sumitomo,,
SSUMY,2021-03-31,annual,2021,2021,USD,42270036900.0,42270036900.0,35631941800.0,35631941800.0,6638095100.0,6178308500.0,6178308500.0,,,459786600.0,1317143100.0,50232000.0,279178900.0,228946900.0,1266911100.0,-857356500.0,366447900.0,-1223804400.0,338210600.0,338210600.0,-1562015000.0,-169105300.0,-1392909700.0,-1392909700.0,459786600.0,1.087736452863139,-1095458000.0,459786600.0,15.704020121165307,1.087736452863139,-3.2952649255908266,1555244600.0,11373689.390700001,-122.46771053365936,-107.59959745345922,11373689.390700001,-122.46771053365936,-107.59959745345922,69.97686262214835,Sumitomo,,
SSUMY,2020-03-31,annual,2020,2020,USD,49818251600.0,49818251600.0,41605819400.0,41605819400.0,8212432200.0,6367842000.0,6367842000.0,,,1844590200.0,-523476600.0,146358000.0,434195400.0,287837400.0,-669834600.0,2368066800.0,586607000.0,1781459800.0,341370400.0,341370400.0,1440089400.0,-170685200.0,1610774600.0,1610774600.0,1844590200.0,3.7026393756460134,290394200.0,1844590200.0,16.484786069850752,3.7026393756460134,3.233302149849032,1554196000.0,11739483.035600001,137.21001130248442,151.74942496170576,11754697.5184,137.03241597485632,151.55301080367443,83.01430284831886,Sumitomo,,
SSUMY,2019-03-31,annual,2019,2019,USD,49120989600.0,49120989600.0,40627614000.0,40627614000.0,8493375600.0,5957487600.0,5957487600.0,,,2535888000.0,-1181068400.0,106352000.0,372922000.0,266570000.0,-1287420400.0,3716956400.0,609316000.0,3107640400.0,317657600.0,317657600.0,2789982800.0,-158828800.0,2948811600.0,2948811600.0,2535888000.0,5.162534429070216,1506978400.0,2535888000.0,17.29072575524822,5.162534429070216,6.003160001483358,1028909600.0,11487324.3412,256.701344230693,270.5277841641726,11500491.8872,256.40743273616107,270.2180420177324,71.00065914172657,Sumitomo,,
SSUMY,2018-03-31,annual,2018,2018,USD,43928639300.0,43928639300.0,35224735000.0,35224735000.0,8703904300.0,6657705600.0,6657705600.0,,,2046198700.0,-1705685800.0,52479700.0,303002700.0,250523000.0,-1758165500.0,3751884500.0,713303500.0,3038581000.0,462079800.0,462079800.0,2576501200.0,-231039900.0,2807541100.0,2807541100.0,2046198700.0,4.658006104004228,964145000.0,2046198700.0,19.813735273152428,4.658006104004228,6.39114059697269,1082053700.0,11360422.983000001,247.13350059247526,267.4707627125331,11370532.5643,246.91377331039197,267.2329534977294,52.99591405187382,Sumitomo,,
SSUMY,2017-03-31,annual,2017,2017,USD,35573068600.0,35573068600.0,28073056400.0,28073056400.0,7500012200.0,6174455100.0,6174455100.0,,,1325557100.0,-571041800.0,15388100.0,246868200.0,231480100.0,-586429900.0,1896598900.0,230474400.0,1666124500.0,290424800.0,290424800.0,1375699700.0,-145212400.0,1520912100.0,1520912100.0,1325557100.0,3.726293941366644,308589700.0,1325557100.0,21.08339959179119,3.726293941366644,4.275459385024771,1016967400.0,11108875.5674,136.90963507263095,149.98138109399596,11117315.4997,136.80569738630172,149.86751973036658,49.99806655769347,Sumitomo,,
SSUMY,2016-03-31,annual,2016,2016,USD,36899433600.0,36899433600.0,28674109200.0,28674109200.0,8225324400.0,7017060800.0,7017060800.0,,,1208263600.0,-80803600.0,24168400.0,297629200.0,273460800.0,-104972000.0,1289067200.0,474250800.0,814816400.0,257986400.0,257986400.0,556830000.0,-128993200.0,685823200.0,685823200.0,1208263600.0,3.2744773621674237,57564400.0,1208263600.0,22.29119419328973,3.2744773621674237,1.858627987178643,1150699200.0,11481545.269199999,59.73265653010713,70.96748572561906,11490188.89,59.68772198313269,70.91409965497965,49.99783448486967,Sumitomo,,
SSUMY,2015-03-31,annual,2015,2015,USD,31226558800.0,31226558800.0,23317148500.0,23317148500.0,7909410300.0,6268077000.0,6268077000.0,,,1641333300.0,1795389600.0,107584600.0,279544000.0,171959400.0,1687805000.0,-154056300.0,433724800.0,-587781100.0,39059800.0,39059800.0,-626840900.0,-19529900.0,-607311000.0,-607311000.0,1641333300.0,5.256209339339691,664531200.0,1641333300.0,25.329112793562125,5.256209339339691,-1.94485407082384,976802100.0,10355884.1621,-58.644051101171016,-56.75817639512953,10355884.1621,-58.644051101171016,-56.75817639512953,48.99827885841315,Sumitomo,,
SSUMY,2014-03-31,annual,2014,2014,USD,31183616400.0,31183616400.0,22776106000.0,22776106000.0,8407510400.0,6639718200.0,6639718200.0,,,1767792200.0,-1092120200.0,163954800.0,294370400.0,130415600.0,-1256075000.0,2859912400.0,661647200.0,2198265200.0,202927200.0,202927200.0,1995338000.0,-101463600.0,2096801600.0,2096801600.0,1767792200.0,5.668977508330304,766457200.0,1767792200.0,26.961306514788966,5.668977508330304,6.724048850216102,1001335000.0,11740946.860000001,178.58879909792898,187.23065747697285,11749324.610000001,178.4614579646038,187.09715434443171,44.05154083117961,Sumitomo,,
SSUMY,2013-03-31,annual,2013,2013,USD,31067364700.0,31067364700.0,22549656100.0,22549656100.0,8517708600.0,6768531700.0,6768531700.0,,,1749176900.0,-1536739400.0,162255900.0,299647600.0,137391700.0,-1698995300.0,3285916300.0,775857800.0,2510058500.0,231626400.0,231626400.0,2278432100.0,-115813200.0,2394245300.0,2394245300.0,1749176900.0,5.63027124086904,779771800.0,1749176900.0,27.416900925619867,5.63027124086904,7.706625016701207,969405100.0,12877786.5517,185.9205609898803,194.9138145692162,12887041.936,185.78703413012622,194.77382881700277,50.99696266617381,Sumitomo,,
SSUMY,2012-03-31,annual,2012,2012,USD,40762437500.0,40762437500.0,29277125000.0,29277125000.0,11485312500.0,8580050000.0,8580050000.0,,,2905262500.0,-1362075000.0,188200000.0,361950000.0,173750000.0,-1550275000.0,4267337500.0,971437500.0,3295900000.0,325075000.0,325075000.0,2970825000.0,-162537500.0,3133362500.0,3133362500.0,2905262500.0,7.127303169738071,966187500.0,2905262500.0,28.176216154885243,7.127303169738071,7.68688697774759,1939075000.0,15626124.5875,200.52076779846678,210.92241915417276,15636042.5625,200.39357704965317,210.78863061581666,43.99923321678815,Sumitomo,,
SSUMY,2011-03-31,annual,2011,2011,USD,38752312500.0,38752312500.0,27952387500.0,27952387500.0,10799925000.0,8258625000.0,8258625000.0,,,2541300000.0,-964487500.0,226125000.0,400112500.0,173987500.0,-1190612500.0,3505787500.0,883387500.0,2622400000.0,239250000.0,239250000.0,2383150000.0,-119625000.0,2502775000.0,2502775000.0,2541300000.0,6.557802195675419,534387500.0,2541300000.0,27.86911103692199,6.557802195675419,6.45838877357319,2006912500.0,15625755.912500001,160.16985123886883,167.82548087175618,15633284.387500001,160.0927187124645,167.74466164619946,31.000100264749353,Sumitomo,,
